{
  "probabilities": {
    "operations:design": 0.3724685157271892,
    "people:training": 0.11110586024300262,
    "marketing:services": 0.10573809683112458,
    "operations:services": 0.054385289940420245,
    "operations:administration": 0.04187419273042248,
    "operations:legal": 0.03641563053330512,
    "operations:essential": 0.0185045070549437,
    "operations:accountancy": 0.014867433002710206,
    "operations:infrastructure": 0.01429345832464022,
    "office:equipment": 0.014007244697640232,
    "people:events": 0.012677442867500355,
    "marketing:ads": 0.010567003488547031,
    "people:delivery": 0.010169766957733327,
    "people:gifts": 0.010026029809406244,
    "people:outings": 0.009575060948068863,
    "people:transportation": 0.008535418928711336,
    "people:books": 0.008520346085982847,
    "people:supply": 0.00836768072974473,
    "sales:services": 0.008218172441641927,
    "people:benefits": 0.008024281204349212,
    "people:employer-branding": 0.007936624257870858,
    "assets:devices": 0.007806196994462346,
    "operations:ai": 0.00768491029914507,
    "people:apartments": 0.007680143091026831,
    "marketing:conferences": 0.007584354170726702,
    "people:patronage": 0.007574386631546807,
    "others:ska-fleet": 0.007573112943689334,
    "recruitment:ads": 0.007570994397706795,
    "operations:exceptional": 0.007568665398190752,
    "people:newsletter": 0.007561195228708302,
    "recruitment:services": 0.007557790820809793,
    "assets:repairs": 0.007556230110011082,
    "office:rent-and-administration": 0.0075493570812627826,
    "assets:accessories": 0.007524587352628398,
    "office:maintenance": 0.0074943912911729395,
    "people:services": 0.007435627383956765
  },
  "top_category": "operations:design",
  "top_probability": 0.3724685157271892,
  "model_version": "1.0.0"
}
